{"cameraMode":{"drawMode":0,"name":"Shaded","section":"Shading Mode"},"sceneLighting":true,"audioPlay":false,"sceneViewState":{"m_AlwaysRefresh":false,"showFog":true,"showSkybox":true,"showFlares":true,"showImageEffects":true,"showParticleSystems":true,"showVisualEffectGraphs":true,"m_FxEnabled":true},"in2DMode":false,"pivot":{"x":1308.0052490234375,"y":97.77952575683594,"z":623.4456176757813},"rotation":{"x":0.18070441484451295,"y":0.03244887292385101,"z":-0.005949922371655703,"w":0.9829604625701904},"size":851.0905151367188,"orthographic":false}